--
-- PostgreSQL database dump
--

\restrict oQ3LGdY5e4fUaQFx2y6whj0HqcSawQ0hGNnJVSLLI4avnfYRDvcavzg4nC1H4zf

-- Dumped from database version 15.17 (Debian 15.17-1.pgdg13+1)
-- Dumped by pg_dump version 15.17 (Debian 15.17-1.pgdg13+1)

SET statement_timeout = 0;
SET lock_timeout = 0;
SET idle_in_transaction_session_timeout = 0;
SET client_encoding = 'UTF8';
SET standard_conforming_strings = on;
SELECT pg_catalog.set_config('search_path', '', false);
SET check_function_bodies = false;
SET xmloption = content;
SET client_min_messages = warning;
SET row_security = off;

SET default_tablespace = '';

SET default_table_access_method = heap;

--
-- Name: auth_group; Type: TABLE; Schema: public; Owner: postgres
--

CREATE TABLE public.auth_group (
    id integer NOT NULL,
    name character varying(150) NOT NULL
);


ALTER TABLE public.auth_group OWNER TO postgres;

--
-- Name: auth_group_id_seq; Type: SEQUENCE; Schema: public; Owner: postgres
--

ALTER TABLE public.auth_group ALTER COLUMN id ADD GENERATED BY DEFAULT AS IDENTITY (
    SEQUENCE NAME public.auth_group_id_seq
    START WITH 1
    INCREMENT BY 1
    NO MINVALUE
    NO MAXVALUE
    CACHE 1
);


--
-- Name: auth_group_permissions; Type: TABLE; Schema: public; Owner: postgres
--

CREATE TABLE public.auth_group_permissions (
    id bigint NOT NULL,
    group_id integer NOT NULL,
    permission_id integer NOT NULL
);


ALTER TABLE public.auth_group_permissions OWNER TO postgres;

--
-- Name: auth_group_permissions_id_seq; Type: SEQUENCE; Schema: public; Owner: postgres
--

ALTER TABLE public.auth_group_permissions ALTER COLUMN id ADD GENERATED BY DEFAULT AS IDENTITY (
    SEQUENCE NAME public.auth_group_permissions_id_seq
    START WITH 1
    INCREMENT BY 1
    NO MINVALUE
    NO MAXVALUE
    CACHE 1
);


--
-- Name: auth_permission; Type: TABLE; Schema: public; Owner: postgres
--

CREATE TABLE public.auth_permission (
    id integer NOT NULL,
    name character varying(255) NOT NULL,
    content_type_id integer NOT NULL,
    codename character varying(100) NOT NULL
);


ALTER TABLE public.auth_permission OWNER TO postgres;

--
-- Name: auth_permission_id_seq; Type: SEQUENCE; Schema: public; Owner: postgres
--

ALTER TABLE public.auth_permission ALTER COLUMN id ADD GENERATED BY DEFAULT AS IDENTITY (
    SEQUENCE NAME public.auth_permission_id_seq
    START WITH 1
    INCREMENT BY 1
    NO MINVALUE
    NO MAXVALUE
    CACHE 1
);


--
-- Name: auth_user; Type: TABLE; Schema: public; Owner: postgres
--

CREATE TABLE public.auth_user (
    id integer NOT NULL,
    password character varying(128) NOT NULL,
    last_login timestamp with time zone,
    is_superuser boolean NOT NULL,
    username character varying(150) NOT NULL,
    first_name character varying(150) NOT NULL,
    last_name character varying(150) NOT NULL,
    email character varying(254) NOT NULL,
    is_staff boolean NOT NULL,
    is_active boolean NOT NULL,
    date_joined timestamp with time zone NOT NULL
);


ALTER TABLE public.auth_user OWNER TO postgres;

--
-- Name: auth_user_groups; Type: TABLE; Schema: public; Owner: postgres
--

CREATE TABLE public.auth_user_groups (
    id bigint NOT NULL,
    user_id integer NOT NULL,
    group_id integer NOT NULL
);


ALTER TABLE public.auth_user_groups OWNER TO postgres;

--
-- Name: auth_user_groups_id_seq; Type: SEQUENCE; Schema: public; Owner: postgres
--

ALTER TABLE public.auth_user_groups ALTER COLUMN id ADD GENERATED BY DEFAULT AS IDENTITY (
    SEQUENCE NAME public.auth_user_groups_id_seq
    START WITH 1
    INCREMENT BY 1
    NO MINVALUE
    NO MAXVALUE
    CACHE 1
);


--
-- Name: auth_user_id_seq; Type: SEQUENCE; Schema: public; Owner: postgres
--

ALTER TABLE public.auth_user ALTER COLUMN id ADD GENERATED BY DEFAULT AS IDENTITY (
    SEQUENCE NAME public.auth_user_id_seq
    START WITH 1
    INCREMENT BY 1
    NO MINVALUE
    NO MAXVALUE
    CACHE 1
);


--
-- Name: auth_user_user_permissions; Type: TABLE; Schema: public; Owner: postgres
--

CREATE TABLE public.auth_user_user_permissions (
    id bigint NOT NULL,
    user_id integer NOT NULL,
    permission_id integer NOT NULL
);


ALTER TABLE public.auth_user_user_permissions OWNER TO postgres;

--
-- Name: auth_user_user_permissions_id_seq; Type: SEQUENCE; Schema: public; Owner: postgres
--

ALTER TABLE public.auth_user_user_permissions ALTER COLUMN id ADD GENERATED BY DEFAULT AS IDENTITY (
    SEQUENCE NAME public.auth_user_user_permissions_id_seq
    START WITH 1
    INCREMENT BY 1
    NO MINVALUE
    NO MAXVALUE
    CACHE 1
);


--
-- Name: blog_post; Type: TABLE; Schema: public; Owner: postgres
--

CREATE TABLE public.blog_post (
    id bigint NOT NULL,
    title character varying(255) NOT NULL,
    slug character varying(50) NOT NULL,
    image character varying(100) NOT NULL,
    content text NOT NULL,
    created_on timestamp with time zone NOT NULL,
    status text NOT NULL,
    author_id integer NOT NULL,
    location_id bigint NOT NULL
);


ALTER TABLE public.blog_post OWNER TO postgres;

--
-- Name: blog_post_id_seq; Type: SEQUENCE; Schema: public; Owner: postgres
--

ALTER TABLE public.blog_post ALTER COLUMN id ADD GENERATED BY DEFAULT AS IDENTITY (
    SEQUENCE NAME public.blog_post_id_seq
    START WITH 1
    INCREMENT BY 1
    NO MINVALUE
    NO MAXVALUE
    CACHE 1
);


--
-- Name: django_admin_log; Type: TABLE; Schema: public; Owner: postgres
--

CREATE TABLE public.django_admin_log (
    id integer NOT NULL,
    action_time timestamp with time zone NOT NULL,
    object_id text,
    object_repr character varying(200) NOT NULL,
    action_flag smallint NOT NULL,
    change_message text NOT NULL,
    content_type_id integer,
    user_id integer NOT NULL,
    CONSTRAINT django_admin_log_action_flag_check CHECK ((action_flag >= 0))
);


ALTER TABLE public.django_admin_log OWNER TO postgres;

--
-- Name: django_admin_log_id_seq; Type: SEQUENCE; Schema: public; Owner: postgres
--

ALTER TABLE public.django_admin_log ALTER COLUMN id ADD GENERATED BY DEFAULT AS IDENTITY (
    SEQUENCE NAME public.django_admin_log_id_seq
    START WITH 1
    INCREMENT BY 1
    NO MINVALUE
    NO MAXVALUE
    CACHE 1
);


--
-- Name: django_content_type; Type: TABLE; Schema: public; Owner: postgres
--

CREATE TABLE public.django_content_type (
    id integer NOT NULL,
    app_label character varying(100) NOT NULL,
    model character varying(100) NOT NULL
);


ALTER TABLE public.django_content_type OWNER TO postgres;

--
-- Name: django_content_type_id_seq; Type: SEQUENCE; Schema: public; Owner: postgres
--

ALTER TABLE public.django_content_type ALTER COLUMN id ADD GENERATED BY DEFAULT AS IDENTITY (
    SEQUENCE NAME public.django_content_type_id_seq
    START WITH 1
    INCREMENT BY 1
    NO MINVALUE
    NO MAXVALUE
    CACHE 1
);


--
-- Name: django_migrations; Type: TABLE; Schema: public; Owner: postgres
--

CREATE TABLE public.django_migrations (
    id bigint NOT NULL,
    app character varying(255) NOT NULL,
    name character varying(255) NOT NULL,
    applied timestamp with time zone NOT NULL
);


ALTER TABLE public.django_migrations OWNER TO postgres;

--
-- Name: django_migrations_id_seq; Type: SEQUENCE; Schema: public; Owner: postgres
--

ALTER TABLE public.django_migrations ALTER COLUMN id ADD GENERATED BY DEFAULT AS IDENTITY (
    SEQUENCE NAME public.django_migrations_id_seq
    START WITH 1
    INCREMENT BY 1
    NO MINVALUE
    NO MAXVALUE
    CACHE 1
);


--
-- Name: django_session; Type: TABLE; Schema: public; Owner: postgres
--

CREATE TABLE public.django_session (
    session_key character varying(40) NOT NULL,
    session_data text NOT NULL,
    expire_date timestamp with time zone NOT NULL
);


ALTER TABLE public.django_session OWNER TO postgres;

--
-- Name: fishing_app_fish; Type: TABLE; Schema: public; Owner: postgres
--

CREATE TABLE public.fishing_app_fish (
    id bigint NOT NULL,
    name character varying(50) NOT NULL
);


ALTER TABLE public.fishing_app_fish OWNER TO postgres;

--
-- Name: fishing_app_fish_id_seq; Type: SEQUENCE; Schema: public; Owner: postgres
--

ALTER TABLE public.fishing_app_fish ALTER COLUMN id ADD GENERATED BY DEFAULT AS IDENTITY (
    SEQUENCE NAME public.fishing_app_fish_id_seq
    START WITH 1
    INCREMENT BY 1
    NO MINVALUE
    NO MAXVALUE
    CACHE 1
);


--
-- Name: fishing_app_fishingplace; Type: TABLE; Schema: public; Owner: postgres
--

CREATE TABLE public.fishing_app_fishingplace (
    id bigint NOT NULL,
    name character varying(100) NOT NULL,
    slug character varying(50) NOT NULL,
    place_type character varying(10) NOT NULL,
    region character varying(10) NOT NULL,
    description text NOT NULL,
    image character varying(100) NOT NULL,
    map_embed text,
    latitude numeric(9,6),
    longitude numeric(9,6)
);


ALTER TABLE public.fishing_app_fishingplace OWNER TO postgres;

--
-- Name: fishing_app_fishingplace_fishes; Type: TABLE; Schema: public; Owner: postgres
--

CREATE TABLE public.fishing_app_fishingplace_fishes (
    id bigint NOT NULL,
    fishingplace_id bigint NOT NULL,
    fish_id bigint NOT NULL
);


ALTER TABLE public.fishing_app_fishingplace_fishes OWNER TO postgres;

--
-- Name: fishing_app_fishingplace_fishes_id_seq; Type: SEQUENCE; Schema: public; Owner: postgres
--

ALTER TABLE public.fishing_app_fishingplace_fishes ALTER COLUMN id ADD GENERATED BY DEFAULT AS IDENTITY (
    SEQUENCE NAME public.fishing_app_fishingplace_fishes_id_seq
    START WITH 1
    INCREMENT BY 1
    NO MINVALUE
    NO MAXVALUE
    CACHE 1
);


--
-- Name: fishing_app_fishingplace_id_seq; Type: SEQUENCE; Schema: public; Owner: postgres
--

ALTER TABLE public.fishing_app_fishingplace ALTER COLUMN id ADD GENERATED BY DEFAULT AS IDENTITY (
    SEQUENCE NAME public.fishing_app_fishingplace_id_seq
    START WITH 1
    INCREMENT BY 1
    NO MINVALUE
    NO MAXVALUE
    CACHE 1
);


--
-- Name: fishing_app_fishingplace_methods; Type: TABLE; Schema: public; Owner: postgres
--

CREATE TABLE public.fishing_app_fishingplace_methods (
    id bigint NOT NULL,
    fishingplace_id bigint NOT NULL,
    method_id bigint NOT NULL
);


ALTER TABLE public.fishing_app_fishingplace_methods OWNER TO postgres;

--
-- Name: fishing_app_fishingplace_methods_id_seq; Type: SEQUENCE; Schema: public; Owner: postgres
--

ALTER TABLE public.fishing_app_fishingplace_methods ALTER COLUMN id ADD GENERATED BY DEFAULT AS IDENTITY (
    SEQUENCE NAME public.fishing_app_fishingplace_methods_id_seq
    START WITH 1
    INCREMENT BY 1
    NO MINVALUE
    NO MAXVALUE
    CACHE 1
);


--
-- Name: fishing_app_method; Type: TABLE; Schema: public; Owner: postgres
--

CREATE TABLE public.fishing_app_method (
    id bigint NOT NULL,
    name character varying(50) NOT NULL,
    slug character varying(50) NOT NULL,
    description text NOT NULL,
    image character varying(100)
);


ALTER TABLE public.fishing_app_method OWNER TO postgres;

--
-- Name: fishing_app_method_id_seq; Type: SEQUENCE; Schema: public; Owner: postgres
--

ALTER TABLE public.fishing_app_method ALTER COLUMN id ADD GENERATED BY DEFAULT AS IDENTITY (
    SEQUENCE NAME public.fishing_app_method_id_seq
    START WITH 1
    INCREMENT BY 1
    NO MINVALUE
    NO MAXVALUE
    CACHE 1
);


--
-- Data for Name: auth_group; Type: TABLE DATA; Schema: public; Owner: postgres
--

COPY public.auth_group (id, name) FROM stdin;
\.


--
-- Data for Name: auth_group_permissions; Type: TABLE DATA; Schema: public; Owner: postgres
--

COPY public.auth_group_permissions (id, group_id, permission_id) FROM stdin;
\.


--
-- Data for Name: auth_permission; Type: TABLE DATA; Schema: public; Owner: postgres
--

COPY public.auth_permission (id, name, content_type_id, codename) FROM stdin;
1	Can add log entry	1	add_logentry
2	Can change log entry	1	change_logentry
3	Can delete log entry	1	delete_logentry
4	Can view log entry	1	view_logentry
5	Can add permission	2	add_permission
6	Can change permission	2	change_permission
7	Can delete permission	2	delete_permission
8	Can view permission	2	view_permission
9	Can add group	3	add_group
10	Can change group	3	change_group
11	Can delete group	3	delete_group
12	Can view group	3	view_group
13	Can add user	4	add_user
14	Can change user	4	change_user
15	Can delete user	4	delete_user
16	Can view user	4	view_user
17	Can add content type	5	add_contenttype
18	Can change content type	5	change_contenttype
19	Can delete content type	5	delete_contenttype
20	Can view content type	5	view_contenttype
21	Can add session	6	add_session
22	Can change session	6	change_session
23	Can delete session	6	delete_session
24	Can view session	6	view_session
25	Can add fish	7	add_fish
26	Can change fish	7	change_fish
27	Can delete fish	7	delete_fish
28	Can view fish	7	view_fish
29	Can add method	8	add_method
30	Can change method	8	change_method
31	Can delete method	8	delete_method
32	Can view method	8	view_method
33	Can add fishing place	9	add_fishingplace
34	Can change fishing place	9	change_fishingplace
35	Can delete fishing place	9	delete_fishingplace
36	Can view fishing place	9	view_fishingplace
37	Can add post	10	add_post
38	Can change post	10	change_post
39	Can delete post	10	delete_post
40	Can view post	10	view_post
\.


--
-- Data for Name: auth_user; Type: TABLE DATA; Schema: public; Owner: postgres
--

COPY public.auth_user (id, password, last_login, is_superuser, username, first_name, last_name, email, is_staff, is_active, date_joined) FROM stdin;
2	pbkdf2_sha256$600000$K0NJ5J17J2bfjmnoP1EC8E$cS9KfMxm0Y7elWHal+pV/8O3L5YEGfv/EuD8kXl6BYA=	\N	t	ivcho				t	t	2026-05-02 13:24:33.711714+00
1	pbkdf2_sha256$600000$Tiic6pkfmSO1FKEAxHL7xx$urLw9waTWTlRIJUBWOKyd4JpQnPj2E5dgdAjtHBE9xE=	2026-05-03 11:16:28.711991+00	t	ivchu			ivchu@abv.bg	t	t	2026-05-02 12:09:00.870506+00
\.


--
-- Data for Name: auth_user_groups; Type: TABLE DATA; Schema: public; Owner: postgres
--

COPY public.auth_user_groups (id, user_id, group_id) FROM stdin;
\.


--
-- Data for Name: auth_user_user_permissions; Type: TABLE DATA; Schema: public; Owner: postgres
--

COPY public.auth_user_user_permissions (id, user_id, permission_id) FROM stdin;
\.


--
-- Data for Name: blog_post; Type: TABLE DATA; Schema: public; Owner: postgres
--

COPY public.blog_post (id, title, slug, image, content, created_on, status, author_id, location_id) FROM stdin;
\.


--
-- Data for Name: django_admin_log; Type: TABLE DATA; Schema: public; Owner: postgres
--

COPY public.django_admin_log (id, action_time, object_id, object_repr, action_flag, change_message, content_type_id, user_id) FROM stdin;
\.


--
-- Data for Name: django_content_type; Type: TABLE DATA; Schema: public; Owner: postgres
--

COPY public.django_content_type (id, app_label, model) FROM stdin;
1	admin	logentry
2	auth	permission
3	auth	group
4	auth	user
5	contenttypes	contenttype
6	sessions	session
7	fishing_app	fish
8	fishing_app	method
9	fishing_app	fishingplace
10	blog	post
\.


--
-- Data for Name: django_migrations; Type: TABLE DATA; Schema: public; Owner: postgres
--

COPY public.django_migrations (id, app, name, applied) FROM stdin;
1	contenttypes	0001_initial	2026-05-02 12:06:34.359397+00
2	auth	0001_initial	2026-05-02 12:06:34.411641+00
3	admin	0001_initial	2026-05-02 12:06:34.429672+00
4	admin	0002_logentry_remove_auto_add	2026-05-02 12:06:34.436504+00
5	admin	0003_logentry_add_action_flag_choices	2026-05-02 12:06:34.444405+00
6	contenttypes	0002_remove_content_type_name	2026-05-02 12:06:34.455204+00
7	auth	0002_alter_permission_name_max_length	2026-05-02 12:06:34.461026+00
8	auth	0003_alter_user_email_max_length	2026-05-02 12:06:34.469623+00
9	auth	0004_alter_user_username_opts	2026-05-02 12:06:34.475847+00
10	auth	0005_alter_user_last_login_null	2026-05-02 12:06:34.48263+00
11	auth	0006_require_contenttypes_0002	2026-05-02 12:06:34.484311+00
12	auth	0007_alter_validators_add_error_messages	2026-05-02 12:06:34.49172+00
13	auth	0008_alter_user_username_max_length	2026-05-02 12:06:34.503052+00
14	auth	0009_alter_user_last_name_max_length	2026-05-02 12:06:34.511746+00
15	auth	0010_alter_group_name_max_length	2026-05-02 12:06:34.518516+00
16	auth	0011_update_proxy_permissions	2026-05-02 12:06:34.526276+00
17	auth	0012_alter_user_first_name_max_length	2026-05-02 12:06:34.534322+00
18	fishing_app	0001_initial	2026-05-02 12:06:34.575378+00
19	fishing_app	0002_fishingplace_map_embed	2026-05-02 12:06:34.580172+00
20	fishing_app	0003_alter_fishingplace_map_embed_and_more	2026-05-02 12:06:34.59041+00
21	blog	0001_initial	2026-05-02 12:06:34.606356+00
22	blog	0002_post_location_alter_post_status	2026-05-02 12:06:34.64189+00
23	blog	0003_alter_post_status	2026-05-02 12:06:34.650438+00
24	fishing_app	0004_method_image	2026-05-02 12:06:34.656217+00
25	sessions	0001_initial	2026-05-02 12:06:34.66721+00
26	fishing_app	0005_fishingplace_latitude_fishingplace_longitude	2026-05-02 13:23:51.69558+00
\.


--
-- Data for Name: django_session; Type: TABLE DATA; Schema: public; Owner: postgres
--

COPY public.django_session (session_key, session_data, expire_date) FROM stdin;
\.


--
-- Data for Name: fishing_app_fish; Type: TABLE DATA; Schema: public; Owner: postgres
--

COPY public.fishing_app_fish (id, name) FROM stdin;
\.


--
-- Data for Name: fishing_app_fishingplace; Type: TABLE DATA; Schema: public; Owner: postgres
--

COPY public.fishing_app_fishingplace (id, name, slug, place_type, region, description, image, map_embed, latitude, longitude) FROM stdin;
\.


--
-- Data for Name: fishing_app_fishingplace_fishes; Type: TABLE DATA; Schema: public; Owner: postgres
--

COPY public.fishing_app_fishingplace_fishes (id, fishingplace_id, fish_id) FROM stdin;
\.


--
-- Data for Name: fishing_app_fishingplace_methods; Type: TABLE DATA; Schema: public; Owner: postgres
--

COPY public.fishing_app_fishingplace_methods (id, fishingplace_id, method_id) FROM stdin;
\.


--
-- Data for Name: fishing_app_method; Type: TABLE DATA; Schema: public; Owner: postgres
--

COPY public.fishing_app_method (id, name, slug, description, image) FROM stdin;
\.


--
-- Name: auth_group_id_seq; Type: SEQUENCE SET; Schema: public; Owner: postgres
--

SELECT pg_catalog.setval('public.auth_group_id_seq', 1, false);


--
-- Name: auth_group_permissions_id_seq; Type: SEQUENCE SET; Schema: public; Owner: postgres
--

SELECT pg_catalog.setval('public.auth_group_permissions_id_seq', 1, false);


--
-- Name: auth_permission_id_seq; Type: SEQUENCE SET; Schema: public; Owner: postgres
--

SELECT pg_catalog.setval('public.auth_permission_id_seq', 40, true);


--
-- Name: auth_user_groups_id_seq; Type: SEQUENCE SET; Schema: public; Owner: postgres
--

SELECT pg_catalog.setval('public.auth_user_groups_id_seq', 1, false);


--
-- Name: auth_user_id_seq; Type: SEQUENCE SET; Schema: public; Owner: postgres
--

SELECT pg_catalog.setval('public.auth_user_id_seq', 2, true);


--
-- Name: auth_user_user_permissions_id_seq; Type: SEQUENCE SET; Schema: public; Owner: postgres
--

SELECT pg_catalog.setval('public.auth_user_user_permissions_id_seq', 1, false);


--
-- Name: blog_post_id_seq; Type: SEQUENCE SET; Schema: public; Owner: postgres
--

SELECT pg_catalog.setval('public.blog_post_id_seq', 1, false);


--
-- Name: django_admin_log_id_seq; Type: SEQUENCE SET; Schema: public; Owner: postgres
--

SELECT pg_catalog.setval('public.django_admin_log_id_seq', 1, false);


--
-- Name: django_content_type_id_seq; Type: SEQUENCE SET; Schema: public; Owner: postgres
--

SELECT pg_catalog.setval('public.django_content_type_id_seq', 10, true);


--
-- Name: django_migrations_id_seq; Type: SEQUENCE SET; Schema: public; Owner: postgres
--

SELECT pg_catalog.setval('public.django_migrations_id_seq', 26, true);


--
-- Name: fishing_app_fish_id_seq; Type: SEQUENCE SET; Schema: public; Owner: postgres
--

SELECT pg_catalog.setval('public.fishing_app_fish_id_seq', 1, false);


--
-- Name: fishing_app_fishingplace_fishes_id_seq; Type: SEQUENCE SET; Schema: public; Owner: postgres
--

SELECT pg_catalog.setval('public.fishing_app_fishingplace_fishes_id_seq', 1, false);


--
-- Name: fishing_app_fishingplace_id_seq; Type: SEQUENCE SET; Schema: public; Owner: postgres
--

SELECT pg_catalog.setval('public.fishing_app_fishingplace_id_seq', 1, false);


--
-- Name: fishing_app_fishingplace_methods_id_seq; Type: SEQUENCE SET; Schema: public; Owner: postgres
--

SELECT pg_catalog.setval('public.fishing_app_fishingplace_methods_id_seq', 1, false);


--
-- Name: fishing_app_method_id_seq; Type: SEQUENCE SET; Schema: public; Owner: postgres
--

SELECT pg_catalog.setval('public.fishing_app_method_id_seq', 1, false);


--
-- Name: auth_group auth_group_name_key; Type: CONSTRAINT; Schema: public; Owner: postgres
--

ALTER TABLE ONLY public.auth_group
    ADD CONSTRAINT auth_group_name_key UNIQUE (name);


--
-- Name: auth_group_permissions auth_group_permissions_group_id_permission_id_0cd325b0_uniq; Type: CONSTRAINT; Schema: public; Owner: postgres
--

ALTER TABLE ONLY public.auth_group_permissions
    ADD CONSTRAINT auth_group_permissions_group_id_permission_id_0cd325b0_uniq UNIQUE (group_id, permission_id);


--
-- Name: auth_group_permissions auth_group_permissions_pkey; Type: CONSTRAINT; Schema: public; Owner: postgres
--

ALTER TABLE ONLY public.auth_group_permissions
    ADD CONSTRAINT auth_group_permissions_pkey PRIMARY KEY (id);


--
-- Name: auth_group auth_group_pkey; Type: CONSTRAINT; Schema: public; Owner: postgres
--

ALTER TABLE ONLY public.auth_group
    ADD CONSTRAINT auth_group_pkey PRIMARY KEY (id);


--
-- Name: auth_permission auth_permission_content_type_id_codename_01ab375a_uniq; Type: CONSTRAINT; Schema: public; Owner: postgres
--

ALTER TABLE ONLY public.auth_permission
    ADD CONSTRAINT auth_permission_content_type_id_codename_01ab375a_uniq UNIQUE (content_type_id, codename);


--
-- Name: auth_permission auth_permission_pkey; Type: CONSTRAINT; Schema: public; Owner: postgres
--

ALTER TABLE ONLY public.auth_permission
    ADD CONSTRAINT auth_permission_pkey PRIMARY KEY (id);


--
-- Name: auth_user_groups auth_user_groups_pkey; Type: CONSTRAINT; Schema: public; Owner: postgres
--

ALTER TABLE ONLY public.auth_user_groups
    ADD CONSTRAINT auth_user_groups_pkey PRIMARY KEY (id);


--
-- Name: auth_user_groups auth_user_groups_user_id_group_id_94350c0c_uniq; Type: CONSTRAINT; Schema: public; Owner: postgres
--

ALTER TABLE ONLY public.auth_user_groups
    ADD CONSTRAINT auth_user_groups_user_id_group_id_94350c0c_uniq UNIQUE (user_id, group_id);


--
-- Name: auth_user auth_user_pkey; Type: CONSTRAINT; Schema: public; Owner: postgres
--

ALTER TABLE ONLY public.auth_user
    ADD CONSTRAINT auth_user_pkey PRIMARY KEY (id);


--
-- Name: auth_user_user_permissions auth_user_user_permissions_pkey; Type: CONSTRAINT; Schema: public; Owner: postgres
--

ALTER TABLE ONLY public.auth_user_user_permissions
    ADD CONSTRAINT auth_user_user_permissions_pkey PRIMARY KEY (id);


--
-- Name: auth_user_user_permissions auth_user_user_permissions_user_id_permission_id_14a6b632_uniq; Type: CONSTRAINT; Schema: public; Owner: postgres
--

ALTER TABLE ONLY public.auth_user_user_permissions
    ADD CONSTRAINT auth_user_user_permissions_user_id_permission_id_14a6b632_uniq UNIQUE (user_id, permission_id);


--
-- Name: auth_user auth_user_username_key; Type: CONSTRAINT; Schema: public; Owner: postgres
--

ALTER TABLE ONLY public.auth_user
    ADD CONSTRAINT auth_user_username_key UNIQUE (username);


--
-- Name: blog_post blog_post_pkey; Type: CONSTRAINT; Schema: public; Owner: postgres
--

ALTER TABLE ONLY public.blog_post
    ADD CONSTRAINT blog_post_pkey PRIMARY KEY (id);


--
-- Name: blog_post blog_post_slug_key; Type: CONSTRAINT; Schema: public; Owner: postgres
--

ALTER TABLE ONLY public.blog_post
    ADD CONSTRAINT blog_post_slug_key UNIQUE (slug);


--
-- Name: django_admin_log django_admin_log_pkey; Type: CONSTRAINT; Schema: public; Owner: postgres
--

ALTER TABLE ONLY public.django_admin_log
    ADD CONSTRAINT django_admin_log_pkey PRIMARY KEY (id);


--
-- Name: django_content_type django_content_type_app_label_model_76bd3d3b_uniq; Type: CONSTRAINT; Schema: public; Owner: postgres
--

ALTER TABLE ONLY public.django_content_type
    ADD CONSTRAINT django_content_type_app_label_model_76bd3d3b_uniq UNIQUE (app_label, model);


--
-- Name: django_content_type django_content_type_pkey; Type: CONSTRAINT; Schema: public; Owner: postgres
--

ALTER TABLE ONLY public.django_content_type
    ADD CONSTRAINT django_content_type_pkey PRIMARY KEY (id);


--
-- Name: django_migrations django_migrations_pkey; Type: CONSTRAINT; Schema: public; Owner: postgres
--

ALTER TABLE ONLY public.django_migrations
    ADD CONSTRAINT django_migrations_pkey PRIMARY KEY (id);


--
-- Name: django_session django_session_pkey; Type: CONSTRAINT; Schema: public; Owner: postgres
--

ALTER TABLE ONLY public.django_session
    ADD CONSTRAINT django_session_pkey PRIMARY KEY (session_key);


--
-- Name: fishing_app_fish fishing_app_fish_pkey; Type: CONSTRAINT; Schema: public; Owner: postgres
--

ALTER TABLE ONLY public.fishing_app_fish
    ADD CONSTRAINT fishing_app_fish_pkey PRIMARY KEY (id);


--
-- Name: fishing_app_fishingplace_fishes fishing_app_fishingplace_fishes_pkey; Type: CONSTRAINT; Schema: public; Owner: postgres
--

ALTER TABLE ONLY public.fishing_app_fishingplace_fishes
    ADD CONSTRAINT fishing_app_fishingplace_fishes_pkey PRIMARY KEY (id);


--
-- Name: fishing_app_fishingplace_fishes fishing_app_fishingplace_fishingplace_id_fish_id_8181f0ee_uniq; Type: CONSTRAINT; Schema: public; Owner: postgres
--

ALTER TABLE ONLY public.fishing_app_fishingplace_fishes
    ADD CONSTRAINT fishing_app_fishingplace_fishingplace_id_fish_id_8181f0ee_uniq UNIQUE (fishingplace_id, fish_id);


--
-- Name: fishing_app_fishingplace_methods fishing_app_fishingplace_fishingplace_id_method_i_89aa3f43_uniq; Type: CONSTRAINT; Schema: public; Owner: postgres
--

ALTER TABLE ONLY public.fishing_app_fishingplace_methods
    ADD CONSTRAINT fishing_app_fishingplace_fishingplace_id_method_i_89aa3f43_uniq UNIQUE (fishingplace_id, method_id);


--
-- Name: fishing_app_fishingplace_methods fishing_app_fishingplace_methods_pkey; Type: CONSTRAINT; Schema: public; Owner: postgres
--

ALTER TABLE ONLY public.fishing_app_fishingplace_methods
    ADD CONSTRAINT fishing_app_fishingplace_methods_pkey PRIMARY KEY (id);


--
-- Name: fishing_app_fishingplace fishing_app_fishingplace_pkey; Type: CONSTRAINT; Schema: public; Owner: postgres
--

ALTER TABLE ONLY public.fishing_app_fishingplace
    ADD CONSTRAINT fishing_app_fishingplace_pkey PRIMARY KEY (id);


--
-- Name: fishing_app_fishingplace fishing_app_fishingplace_slug_key; Type: CONSTRAINT; Schema: public; Owner: postgres
--

ALTER TABLE ONLY public.fishing_app_fishingplace
    ADD CONSTRAINT fishing_app_fishingplace_slug_key UNIQUE (slug);


--
-- Name: fishing_app_method fishing_app_method_pkey; Type: CONSTRAINT; Schema: public; Owner: postgres
--

ALTER TABLE ONLY public.fishing_app_method
    ADD CONSTRAINT fishing_app_method_pkey PRIMARY KEY (id);


--
-- Name: fishing_app_method fishing_app_method_slug_key; Type: CONSTRAINT; Schema: public; Owner: postgres
--

ALTER TABLE ONLY public.fishing_app_method
    ADD CONSTRAINT fishing_app_method_slug_key UNIQUE (slug);


--
-- Name: auth_group_name_a6ea08ec_like; Type: INDEX; Schema: public; Owner: postgres
--

CREATE INDEX auth_group_name_a6ea08ec_like ON public.auth_group USING btree (name varchar_pattern_ops);


--
-- Name: auth_group_permissions_group_id_b120cbf9; Type: INDEX; Schema: public; Owner: postgres
--

CREATE INDEX auth_group_permissions_group_id_b120cbf9 ON public.auth_group_permissions USING btree (group_id);


--
-- Name: auth_group_permissions_permission_id_84c5c92e; Type: INDEX; Schema: public; Owner: postgres
--

CREATE INDEX auth_group_permissions_permission_id_84c5c92e ON public.auth_group_permissions USING btree (permission_id);


--
-- Name: auth_permission_content_type_id_2f476e4b; Type: INDEX; Schema: public; Owner: postgres
--

CREATE INDEX auth_permission_content_type_id_2f476e4b ON public.auth_permission USING btree (content_type_id);


--
-- Name: auth_user_groups_group_id_97559544; Type: INDEX; Schema: public; Owner: postgres
--

CREATE INDEX auth_user_groups_group_id_97559544 ON public.auth_user_groups USING btree (group_id);


--
-- Name: auth_user_groups_user_id_6a12ed8b; Type: INDEX; Schema: public; Owner: postgres
--

CREATE INDEX auth_user_groups_user_id_6a12ed8b ON public.auth_user_groups USING btree (user_id);


--
-- Name: auth_user_user_permissions_permission_id_1fbb5f2c; Type: INDEX; Schema: public; Owner: postgres
--

CREATE INDEX auth_user_user_permissions_permission_id_1fbb5f2c ON public.auth_user_user_permissions USING btree (permission_id);


--
-- Name: auth_user_user_permissions_user_id_a95ead1b; Type: INDEX; Schema: public; Owner: postgres
--

CREATE INDEX auth_user_user_permissions_user_id_a95ead1b ON public.auth_user_user_permissions USING btree (user_id);


--
-- Name: auth_user_username_6821ab7c_like; Type: INDEX; Schema: public; Owner: postgres
--

CREATE INDEX auth_user_username_6821ab7c_like ON public.auth_user USING btree (username varchar_pattern_ops);


--
-- Name: blog_post_author_id_dd7a8485; Type: INDEX; Schema: public; Owner: postgres
--

CREATE INDEX blog_post_author_id_dd7a8485 ON public.blog_post USING btree (author_id);


--
-- Name: blog_post_location_id_040b0a05; Type: INDEX; Schema: public; Owner: postgres
--

CREATE INDEX blog_post_location_id_040b0a05 ON public.blog_post USING btree (location_id);


--
-- Name: blog_post_slug_b95473f2_like; Type: INDEX; Schema: public; Owner: postgres
--

CREATE INDEX blog_post_slug_b95473f2_like ON public.blog_post USING btree (slug varchar_pattern_ops);


--
-- Name: django_admin_log_content_type_id_c4bce8eb; Type: INDEX; Schema: public; Owner: postgres
--

CREATE INDEX django_admin_log_content_type_id_c4bce8eb ON public.django_admin_log USING btree (content_type_id);


--
-- Name: django_admin_log_user_id_c564eba6; Type: INDEX; Schema: public; Owner: postgres
--

CREATE INDEX django_admin_log_user_id_c564eba6 ON public.django_admin_log USING btree (user_id);


--
-- Name: django_session_expire_date_a5c62663; Type: INDEX; Schema: public; Owner: postgres
--

CREATE INDEX django_session_expire_date_a5c62663 ON public.django_session USING btree (expire_date);


--
-- Name: django_session_session_key_c0390e0f_like; Type: INDEX; Schema: public; Owner: postgres
--

CREATE INDEX django_session_session_key_c0390e0f_like ON public.django_session USING btree (session_key varchar_pattern_ops);


--
-- Name: fishing_app_fishingplace_fishes_fish_id_3202e1a9; Type: INDEX; Schema: public; Owner: postgres
--

CREATE INDEX fishing_app_fishingplace_fishes_fish_id_3202e1a9 ON public.fishing_app_fishingplace_fishes USING btree (fish_id);


--
-- Name: fishing_app_fishingplace_fishes_fishingplace_id_e6f8e536; Type: INDEX; Schema: public; Owner: postgres
--

CREATE INDEX fishing_app_fishingplace_fishes_fishingplace_id_e6f8e536 ON public.fishing_app_fishingplace_fishes USING btree (fishingplace_id);


--
-- Name: fishing_app_fishingplace_methods_fishingplace_id_59482efe; Type: INDEX; Schema: public; Owner: postgres
--

CREATE INDEX fishing_app_fishingplace_methods_fishingplace_id_59482efe ON public.fishing_app_fishingplace_methods USING btree (fishingplace_id);


--
-- Name: fishing_app_fishingplace_methods_method_id_f84b05ed; Type: INDEX; Schema: public; Owner: postgres
--

CREATE INDEX fishing_app_fishingplace_methods_method_id_f84b05ed ON public.fishing_app_fishingplace_methods USING btree (method_id);


--
-- Name: fishing_app_fishingplace_slug_74d0f88a_like; Type: INDEX; Schema: public; Owner: postgres
--

CREATE INDEX fishing_app_fishingplace_slug_74d0f88a_like ON public.fishing_app_fishingplace USING btree (slug varchar_pattern_ops);


--
-- Name: fishing_app_method_slug_d83100ac_like; Type: INDEX; Schema: public; Owner: postgres
--

CREATE INDEX fishing_app_method_slug_d83100ac_like ON public.fishing_app_method USING btree (slug varchar_pattern_ops);


--
-- Name: auth_group_permissions auth_group_permissio_permission_id_84c5c92e_fk_auth_perm; Type: FK CONSTRAINT; Schema: public; Owner: postgres
--

ALTER TABLE ONLY public.auth_group_permissions
    ADD CONSTRAINT auth_group_permissio_permission_id_84c5c92e_fk_auth_perm FOREIGN KEY (permission_id) REFERENCES public.auth_permission(id) DEFERRABLE INITIALLY DEFERRED;


--
-- Name: auth_group_permissions auth_group_permissions_group_id_b120cbf9_fk_auth_group_id; Type: FK CONSTRAINT; Schema: public; Owner: postgres
--

ALTER TABLE ONLY public.auth_group_permissions
    ADD CONSTRAINT auth_group_permissions_group_id_b120cbf9_fk_auth_group_id FOREIGN KEY (group_id) REFERENCES public.auth_group(id) DEFERRABLE INITIALLY DEFERRED;


--
-- Name: auth_permission auth_permission_content_type_id_2f476e4b_fk_django_co; Type: FK CONSTRAINT; Schema: public; Owner: postgres
--

ALTER TABLE ONLY public.auth_permission
    ADD CONSTRAINT auth_permission_content_type_id_2f476e4b_fk_django_co FOREIGN KEY (content_type_id) REFERENCES public.django_content_type(id) DEFERRABLE INITIALLY DEFERRED;


--
-- Name: auth_user_groups auth_user_groups_group_id_97559544_fk_auth_group_id; Type: FK CONSTRAINT; Schema: public; Owner: postgres
--

ALTER TABLE ONLY public.auth_user_groups
    ADD CONSTRAINT auth_user_groups_group_id_97559544_fk_auth_group_id FOREIGN KEY (group_id) REFERENCES public.auth_group(id) DEFERRABLE INITIALLY DEFERRED;


--
-- Name: auth_user_groups auth_user_groups_user_id_6a12ed8b_fk_auth_user_id; Type: FK CONSTRAINT; Schema: public; Owner: postgres
--

ALTER TABLE ONLY public.auth_user_groups
    ADD CONSTRAINT auth_user_groups_user_id_6a12ed8b_fk_auth_user_id FOREIGN KEY (user_id) REFERENCES public.auth_user(id) DEFERRABLE INITIALLY DEFERRED;


--
-- Name: auth_user_user_permissions auth_user_user_permi_permission_id_1fbb5f2c_fk_auth_perm; Type: FK CONSTRAINT; Schema: public; Owner: postgres
--

ALTER TABLE ONLY public.auth_user_user_permissions
    ADD CONSTRAINT auth_user_user_permi_permission_id_1fbb5f2c_fk_auth_perm FOREIGN KEY (permission_id) REFERENCES public.auth_permission(id) DEFERRABLE INITIALLY DEFERRED;


--
-- Name: auth_user_user_permissions auth_user_user_permissions_user_id_a95ead1b_fk_auth_user_id; Type: FK CONSTRAINT; Schema: public; Owner: postgres
--

ALTER TABLE ONLY public.auth_user_user_permissions
    ADD CONSTRAINT auth_user_user_permissions_user_id_a95ead1b_fk_auth_user_id FOREIGN KEY (user_id) REFERENCES public.auth_user(id) DEFERRABLE INITIALLY DEFERRED;


--
-- Name: blog_post blog_post_author_id_dd7a8485_fk_auth_user_id; Type: FK CONSTRAINT; Schema: public; Owner: postgres
--

ALTER TABLE ONLY public.blog_post
    ADD CONSTRAINT blog_post_author_id_dd7a8485_fk_auth_user_id FOREIGN KEY (author_id) REFERENCES public.auth_user(id) DEFERRABLE INITIALLY DEFERRED;


--
-- Name: blog_post blog_post_location_id_040b0a05_fk_fishing_app_fishingplace_id; Type: FK CONSTRAINT; Schema: public; Owner: postgres
--

ALTER TABLE ONLY public.blog_post
    ADD CONSTRAINT blog_post_location_id_040b0a05_fk_fishing_app_fishingplace_id FOREIGN KEY (location_id) REFERENCES public.fishing_app_fishingplace(id) DEFERRABLE INITIALLY DEFERRED;


--
-- Name: django_admin_log django_admin_log_content_type_id_c4bce8eb_fk_django_co; Type: FK CONSTRAINT; Schema: public; Owner: postgres
--

ALTER TABLE ONLY public.django_admin_log
    ADD CONSTRAINT django_admin_log_content_type_id_c4bce8eb_fk_django_co FOREIGN KEY (content_type_id) REFERENCES public.django_content_type(id) DEFERRABLE INITIALLY DEFERRED;


--
-- Name: django_admin_log django_admin_log_user_id_c564eba6_fk_auth_user_id; Type: FK CONSTRAINT; Schema: public; Owner: postgres
--

ALTER TABLE ONLY public.django_admin_log
    ADD CONSTRAINT django_admin_log_user_id_c564eba6_fk_auth_user_id FOREIGN KEY (user_id) REFERENCES public.auth_user(id) DEFERRABLE INITIALLY DEFERRED;


--
-- Name: fishing_app_fishingplace_fishes fishing_app_fishingp_fish_id_3202e1a9_fk_fishing_a; Type: FK CONSTRAINT; Schema: public; Owner: postgres
--

ALTER TABLE ONLY public.fishing_app_fishingplace_fishes
    ADD CONSTRAINT fishing_app_fishingp_fish_id_3202e1a9_fk_fishing_a FOREIGN KEY (fish_id) REFERENCES public.fishing_app_fish(id) DEFERRABLE INITIALLY DEFERRED;


--
-- Name: fishing_app_fishingplace_methods fishing_app_fishingp_fishingplace_id_59482efe_fk_fishing_a; Type: FK CONSTRAINT; Schema: public; Owner: postgres
--

ALTER TABLE ONLY public.fishing_app_fishingplace_methods
    ADD CONSTRAINT fishing_app_fishingp_fishingplace_id_59482efe_fk_fishing_a FOREIGN KEY (fishingplace_id) REFERENCES public.fishing_app_fishingplace(id) DEFERRABLE INITIALLY DEFERRED;


--
-- Name: fishing_app_fishingplace_fishes fishing_app_fishingp_fishingplace_id_e6f8e536_fk_fishing_a; Type: FK CONSTRAINT; Schema: public; Owner: postgres
--

ALTER TABLE ONLY public.fishing_app_fishingplace_fishes
    ADD CONSTRAINT fishing_app_fishingp_fishingplace_id_e6f8e536_fk_fishing_a FOREIGN KEY (fishingplace_id) REFERENCES public.fishing_app_fishingplace(id) DEFERRABLE INITIALLY DEFERRED;


--
-- Name: fishing_app_fishingplace_methods fishing_app_fishingp_method_id_f84b05ed_fk_fishing_a; Type: FK CONSTRAINT; Schema: public; Owner: postgres
--

ALTER TABLE ONLY public.fishing_app_fishingplace_methods
    ADD CONSTRAINT fishing_app_fishingp_method_id_f84b05ed_fk_fishing_a FOREIGN KEY (method_id) REFERENCES public.fishing_app_method(id) DEFERRABLE INITIALLY DEFERRED;


--
-- PostgreSQL database dump complete
--

\unrestrict oQ3LGdY5e4fUaQFx2y6whj0HqcSawQ0hGNnJVSLLI4avnfYRDvcavzg4nC1H4zf

